Workbook

Sheet Matriz de Gobernanza
A1: Módulo y Responsable | B1: Activo Crítico | C1: Función NIST CSF | D1: Categoría / Subcategoría NIST CSF | E1: Control de Seguridad Requerido (Línea Base) | F1: Nivel de Riesgo Inherente
A2: Módulo 1: Autenticación (Paula) / Módulo 2: Gestión de Usuarios (Joseph / Daniel Salas) | B2: Rol inicial de cada cuenta (auth.users, user_roles, trigger handle_new_user) — riesgo compartido (AUTH-R01 = US-R01) | C2: PROTECT (PR) | D2: PR.AA-05: Permisos gestionados con menor privilegio; PR.AA-04: Aserciones de identidad protegidas y verificadas | E2: Asignar el rol solo desde datos que fija el servidor e ignorar user_metadata en el trigger | F2: Crítico (provisional)
A3: Módulo 1: Autenticación (Paula) | B3: Redirecciones posteriores al login (callbackUrl en /auth/login y /auth/callback, emailRedirectTo) | C3: PROTECT (PR) | D3: PR.DS-10: Integridad de datos en uso | E3: Aceptar solo rutas internas relativas y construir los enlaces de correo con la URL configurada, no con Origin | F3: Alto
A4: Módulo 1: Autenticación (Paula) | B4: Credenciales de clientes y personal (auth.users), endpoints de login del portal, del panel y de la API de Supabase | C4: PROTECT (PR) | D4: PR.AA-01: Identidades y credenciales gestionadas; PR.AA-03: Usuarios autenticados | E4: Política de contraseñas en el proveedor, captcha, MFA TOTP para personal y límite de intentos por cuenta | F4: Alto
A5: Módulo 1: Autenticación (Paula) | B5: Trazabilidad de eventos de autenticación (audit_logs) | C5: DETECT (DE) | D5: DE.CM-03: Monitoreo de actividad del personal; DE.AE-02: Análisis de eventos adversos; PR.PS-04: Generación de registros | E5: Registrar todos los eventos de auth con campos saneados e IP confiable, y detectar intentos fallidos repetidos | F5: Alto
A6: Módulo 1: Autenticación (Paula) | B6: Activación de cuentas de administrador (activateAdminAction, completeAdminActivation, pending_invitations) | C6: PROTECT (PR) | D6: PR.AA-01: Identidades gestionadas durante su ciclo de vida; ID.AM-08: Ciclo de vida de sistemas y datos | E6: Exigir una invitación pendiente, vigente y del mismo usuario antes de activar; impedir que una cuenta desactivada se reactive sola | F6: Medio
A7: Módulo 1: Autenticación (Paula) | B7: Sesión del usuario (cookies sb-*-auth-token, hidratación SSR, cabeceras HTTP) | C7: PROTECT (PR) | D7: PR.DS-02: Protección de datos en tránsito; PR.PS-01: Gestión de configuración; PR.AA-04: Aserciones verificadas | E7: Cookies Secure/SameSite (y HttpOnly si es viable), CSP y cabeceras de seguridad, getUser() en el servidor y sin tokens en el payload del cliente | F7: Medio
A8: Módulo 1: Autenticación (Paula) | B8: Claims del JWT usados en políticas RLS (auth.jwt(), trigger sync_role_to_jwt) | C8: PROTECT (PR) | D8: PR.AA-04: Aserciones de identidad protegidas y verificadas | E8: Autorizar con funciones que leen user_roles, nunca con claims editables o con el rol de Postgres | F8: Medio
A9: Módulo 2: Gestión de Usuarios (Joseph / Daniel Salas) | B9: Creación de cuentas de administrador (createAdminAccountAction, invitaciones) | C9: PROTECT (PR) | D9: PR.AA-05: Control de acceso; PR.DS-10: Integridad de datos en uso | E9: requirePermission(admins:invite) en el servidor y validación con esquema (Zod) de nombre y email | F9: Alto
A10: Módulo 2: Gestión de Usuarios (Joseph / Daniel Salas) | B10: Trazabilidad de la gestión de accesos (altas, bajas, cambios de permisos) | C10: DETECT (DE) | D10: DE.CM-03: Monitoreo de actividad del personal; PR.PS-04: Generación de registros | E10: logAuditEvent en cada operación (actor, destino, antes/después), registro de denegaciones y trigger de BD para cambios directos | F10: Alto
A11: Módulo 2: Gestión de Usuarios (Joseph / Daniel Salas) | B11: Tablas profiles, user_permissions, pending_invitations y sus políticas RLS | C11: PROTECT (PR) | D11: PR.AA-05: Control de acceso con menor privilegio | E11: RLS con FOR explícito y WITH CHECK, por permiso y no solo por rol | F11: Medio
A12: Módulo 2: Gestión de Usuarios (Joseph / Daniel Salas) | B12: Permisos finos de administradores (updateUserPermissions, user_permissions) | C12: GOVERN (GV) / PROTECT (PR) | D12: GV.RR-02: Roles y autoridades establecidos; PR.AA-05: Separación de funciones | E12: Validar el destino, acotar la delegación (solo el owner otorga permissions:manage) y actualizar de forma atómica | F12: Medio
... A28: Módulo 4: Logs / Auditoría (Fabián Vargas) | B28: PII acumulada en el registro (actor_email, ip_address, metadata.email) | C28: PROTECT (PR) / GOVERN (GV) | D28: PR.DS-01: Protección de datos en reposo; GV.OC-03: Requisitos legales (Ley 8968) | E28: Política de retención con plazo definido y purga automatizada; minimización de la PII registrada en intentos fallidos | F28: Medio

Sheet Resumen y criterios
A1: Resumen de riesgo inherente por módulo
A3: Módulo | B3: Crítico | C3: Alto | D3: Medio | E3: Bajo | F3: Total
A4: Módulo 1: Autenticación | B4: =COUNTIFS('Matriz de Gobernanza'!$A$2:$A$28,"Módulo 1:*",'Matriz de Gobernanza'!$F$2:$F$28,"Crítico*") | C4: =COUNTIFS('Matriz de Gobernanza'!$A$2:$A$28,"Módulo 1:*",'Matriz de Gobernanza'!$F$2:$F$28,"Alto*") | D4: =COUNTIFS('Matriz de Gobernanza'!$A$2:$A$28,"Módulo 1:*",'Matriz de Gobernanza'!$F$2:$F$28,"Medio*") | E4: =COUNTIFS('Matriz de Gobernanza'!$A$2:$A$28,"Módulo 1:*",'Matriz de Gobernanza'!$F$2:$F$28,"Bajo*") | F4: =SUM(B4:E4)
A5: Módulo 2: Gestión de Usuarios | B5: =COUNTIFS('Matriz de Gobernanza'!$A$2:$A$28,"*Módulo 2:*",'Matriz de Gobernanza'!$F$2:$F$28,"Crítico*") | C5: =COUNTIFS('Matriz de Gobernanza'!$A$2:$A$28,"*Módulo 2:*",'Matriz de Gobernanza'!$F$2:$F$28,"Alto*") | D5: =COUNTIFS('Matriz de Gobernanza'!$A$2:$A$28,"*Módulo 2:*",'Matriz de Gobernanza'!$F$2:$F$28,"Medio*") | E5: =COUNTIFS('Matriz de Gobernanza'!$A$2:$A$28,"*Módulo 2:*",'Matriz de Gobernanza'!$F$2:$F$28,"Bajo*") | F5: =SUM(B5:E5)
A6: Módulo 3: Operaciones / Transacciones | B6: =COUNTIFS('Matriz de Gobernanza'!$A$2:$A$28,"Módulo 3:*",'Matriz de Gobernanza'!$F$2:$F$28,"Crítico*") | C6: =COUNTIFS('Matriz de Gobernanza'!$A$2:$A$28,"Módulo 3:*",'Matriz de Gobernanza'!$F$2:$F$28,"Alto*") | D6: =COUNTIFS('Matriz de Gobernanza'!$A$2:$A$28,"Módulo 3:*",'Matriz de Gobernanza'!$F$2:$F$28,"Medio*") | E6: =COUNTIFS('Matriz de Gobernanza'!$A$2:$A$28,"Módulo 3:*",'Matriz de Gobernanza'!$F$2:$F$28,"Bajo*") | F6: =SUM(B6:E6)
A7: Módulo 4: Logs / Auditoría | B7: =COUNTIFS('Matriz de Gobernanza'!$A$2:$A$28,"Módulo 4:*",'Matriz de Gobernanza'!$F$2:$F$28,"Crítico*") | C7: =COUNTIFS('Matriz de Gobernanza'!$A$2:$A$28,"Módulo 4:*",'Matriz de Gobernanza'!$F$2:$F$28,"Alto*") | D7: =COUNTIFS('Matriz de Gobernanza'!$A$2:$A$28,"Módulo 4:*",'Matriz de Gobernanza'!$F$2:$F$28,"Medio*") | E7: =COUNTIFS('Matriz de Gobernanza'!$A$2:$A$28,"Módulo 4:*",'Matriz de Gobernanza'!$F$2:$F$28,"Bajo*") | F7: =SUM(B7:E7)
A8: Sistema (filas únicas de la matriz) | B8: =COUNTIF('Matriz de Gobernanza'!$F$2:$F$28,"Crítico*") | C8: =COUNTIF('Matriz de Gobernanza'!$F$2:$F$28,"Alto*") | D8: =COUNTIF('Matriz de Gobernanza'!$F$2:$F$28,"Medio*") | E8: =COUNTIF('Matriz de Gobernanza'!$F$2:$F$28,"Bajo*") | F8: =COUNTA('Matriz de Gobernanza'!$F$2:$F$28)
A9: Nota: la fila compartida Autenticación/Usuarios cuenta en ambos módulos, pero una sola vez en el total del sistema.
A11: Escala de valoración (común a los 4 módulos)
A12: Riesgo inherente = Impacto (1–4) × Probabilidad (1–4)
A13: Bajo | B13: 1–3
A14: Medio | B14: 4–6
A15: Alto | B15: 8–9
A16: Crítico | B16: 12–16
A17: Inherente = riesgo del código de develop antes de los parches de la Fase 3 (los controles existentes sí se consideran).
A18: Provisional = depende de confirmar el hallazgo con la PoC de la Fase 2.
A20: Notas de consolidación
A21: 1. Riesgo unido: "Rol inicial de cada cuenta" aparece en Autenticación (AUTH-R01) y Usuarios (US-R01); se registra una sola fila.
A22: 2. Solapamiento: "Claims del JWT usados en políticas RLS" (Autenticación) y "Catálogo y tarifas … políticas RLS" (Operaciones, OP-C03) comparten causa raíz (auth.jwt() ->> 'role' y sync_role_to_jwt). Se mantienen ambas filas por tener activos distintos; el parche se coordina entre Paula y Aarón.
A23: 3. Solapamiento: el middleware del panel sin verificación de rol aparece como control en Operaciones (galería) y Auditoría (lectura del registro); el dueño del archivo es Paula.
A24: 4. Dependencia DETECT: las filas de trazabilidad de Autenticación, Usuarios y Operaciones dependen de la API de auditoría (Módulo 4).
A25: 5. Fuentes: §7/§8 de docs/proyecto-seguridad/<módulo>/fase-1-diagnostico.md (PR #3, #4, #6 y #7).
